M	2	5	5	0	1	1
A	0	Lewis Carroll
A	1	Jane Austen
A	2	F. Scott Fitzgerald
A	3	Charles Dickens
A	4	Arthur Machen
G	0	Classics
P	0	Not rated
B	1	0	-1	0	0	2	/books/Lewis Carroll - Alice's Adventures in Wonderland.epub	Alice's Adventures in Wonderland	Alice follows a white rabbit into a world where logic bends, language misbehaves, and every new encounter becomes stranger than the last.
B	1	1	-1	0	0	2	/books/Jane Austen - Persuasion.epub	Persuasion	Years after being convinced to end an engagement, Anne Elliot meets Captain Wentworth again and must decide whether either of them has truly moved on.
B	1	2	-1	0	0	2	/books/F. Scott Fitzgerald - The Great Gatsby.epub	The Great Gatsby	A mysterious millionaire, an old love, and one dazzling summer expose the distance between reinvention and reality.
B	1	3	-1	0	0	2	/books/Charles Dickens - Great Expectations.epub	Great Expectations	Pip's unexpected fortune carries him into a new social world and forces him to reconsider ambition, loyalty, and the people who shaped him.
B	1	4	-1	0	0	2	/books/Arthur Machen - The Great God Pan.epub	The Great God Pan	A forbidden experiment and a trail of uncanny events suggest that the ordinary world conceals something far older and stranger.
